position,agerange,yrsscale,hourwage
1,1,2,13.736234054538
0,1,2,16.4407309689108
0,1,3,21.3891077239505
1,1,1,11.377187468408
0,1,3,21.5607775454338
0,1,1,18.1174858901292
1,1,3,13.1400498995424
0,1,1,24.7253574648846
0,1,2,15.7033859876378
1,1,1,18.9398303592689
0,1,1,25.4480712659323
0,1,1,19.705305074708
1,1,2,21.1376405166003
0,1,2,20.5315550676013
0,1,2,20.8279836694517
1,1,2,16.8146551893172
0,1,2,17.5907905170075
0,1,3,18.7288615330749
1,1,2,14.7654266802246
0,1,3,19.3564768907118
0,1,2,17.03449651555
1,1,3, 
0,1,3,20.668049775525
0,1,2,19.4132097981853
1,1,3,20.2186445909543
0,1,1,20.2316138559317
0,1,3,16.4755631348307
1,1,3,12.2651500890888
0,1,3,23.5079956100004
0,1,2,17.6725948734504
1,1,2,11.2043637027794
0,1,1,20.4428958752434
0,1,1,21.6066022080884
1,1,1,17.714878575319
0,1,2,17.1202104829004
0,1,1,15.6280439509713
1,1,3,24.3118857053219
0,1,1,16.9538958286491
0,1,2,20.1838409211958
1,1,2,11.1939580129425
0,1,2,23.9051931098802
0,1,3,19.4043936650975
1,1,2,13.9890700764055
0,1,3,21.2601991291544
0,1,1,18.4843910014341
1,1,1,18.8027772302478
0,1,1,22.0426628637296
0,1,2,16.8915604139346
1,1,1,15.0502551200959
0,1,2,19.8164291672742
0,1,3,23.4013448381313
1,1,2,18.9314936752157
0,1,1, 
0,1,2,15.373353495012
1,1,2,24.4792384930074
0,1,1,19.315141311732
0,1,2,20.1875341141409
1,1,2,17.3013540595284
0,1,1,16.3543135399747
0,1,2,20.0323016951554
1,1,1,16.1483154760821
0,1,1,16.5538737681081
0,1,1,13.9141502771064
1,1,2,14.6837605493125
0,1,1,19.8087255033605
0,1,1,25.0322979590027
1,1,2,23.5353719944317
0,1,3,21.1619247022275
0,1,3,23.8564496619598
1,1,1,16.4826173238104
0,1,3,12.6423543014421
0,1,3,20.1328965434314
1,1,2,13.7059407878731
0,1,3,18.9132673985193
0,1,3,19.2304204702839
1,1,2,16.6616920782664
0,1,2,22.5884533471748
0,1,1,16.5623836898918
1,1,3,16.1119329217169
0,1,2,19.2542521446566
0,1,2,19.6951206084278
1,1,1,19.0934823695066
0,1,2,24.3137959395863
0,1,2,9.81316117188758
1,1,3,24.0215671387644
0,1,2,17.7605606084491
0,1,3,20.2023927651636
1,1,3,16.3542182889845
0,1,2,23.754354690119
0,1,3,18.953501131072
1,1,2,15.3987426469531
0,1,3,22.9268386555176
0,1,3,22.3785798855017
1,1,2,15.7364806250634
0,1,2,20.0744355161676
0,1,1,20.2019853203721
1,1,2,10.6313268646503
0,1,3,23.1423441916182
0,1,2,17.4704962259524
1,1,1,21.1697504950694
0,1,2,15.5543993706303
0,1,3,24.0105730398479
1,1,2,25.1189183466374
0,1,1,21.6079648245799
0,1,1,20.6783886298868
1,1,2,15.6900151159164
0,1,1,11.2987558423479
0,1,1,10.8118492133688
1,1,2, 
0,1,2,21.2722374792727
0,1,1,19.6067225595605
1,1,2,25.6379949311787
0,1,1,22.1114488630628
0,1,1,12.1838771333822
1,1,1,13.4685333380852
0,1,3,20.4398131476585
0,1,1,19.1309465547608
1,1,2, 
0,1,2,25.4396242301065
0,1,2,23.9077104999523
1,1,2,18.6495832159896
0,1,2,16.3605021760677
0,1,1,17.4636579276364
1,1,2,23.2917379915105
0,1,2,18.0529019733286
0,1,1,14.4383280571121
1,1,1,14.3081605077499
0,1,2,15.9201285769782
0,1,3,19.6759886619327
1,1,2,17.6069016894374
0,1,1,23.3144056570307
0,1,2,15.6609415251824
1,1,1,13.7033487174515
0,1,2,21.6928078139635
0,1,2,21.2827618235337
1,1,3,20.5589174004044
0,1,1,20.5901724840961
0,1,2,15.6084707860314
1,1,1,10.4262613369522
0,1,3,17.5414959167466
0,1,1,19.8087726661429
1,1,1,16.9169826093912
0,1,3,23.3883781354975
0,1,1,20.1800075658709
1,1,2,20.9897073518557
0,1,3,15.805515156476
0,1,2,19.7855469110229
1,1,2,16.7094771639204
0,1,3,23.677463941302
0,1,2,24.3546189006668
1,1,1,15.2837917833157
0,1,2, 
0,1,1,23.9536124424008
1,1,3,20.237988715406
0,1,1,18.8857341697066
0,1,2,21.0273120649471
1,1,1,15.6474282602938
0,1,3,22.2572516882564
0,1,2,21.1677453744945
1,1,1,15.9546749856177
0,1,2,17.5764040308733
0,1,1,22.3673198200045
1,1,1,20.0965405623774
0,1,1,22.1574333925464
0,1,1,22.2309464910148
1,1,1,16.2056957893278
0,1,1,14.647279907182
0,1,2,23.9254702479495
1,1,3,21.2413123460391
0,1,3,16.5869130348343
0,1,2,15.8899946215612
1,1,2,24.0188865382097
0,1,2,22.1615619746389
0,1,1,16.4829025598584
1,1,3, 
0,1,2,17.3307443267346
0,1,3,22.200032004006
1,1,3,15.9868673856861
0,1,1,21.6981899846469
0,1,2,21.0195368413122
1,1,3,22.4803667335622
0,1,2,19.3983611907946
0,1,1,18.9816547566772
1,1,3,26.5012664969377
0,1,3,21.5770682033853
0,1,2,24.3299239778142
1,1,3,19.0378100586087
0,1,2,19.5502867024811
0,1,2,17.3932472634501
1,1,2,15.8974866988962
0,1,2,23.1784076918291
0,1,2,19.6931023067605
1,1,1,19.3938077037442
0,1,1,17.5450833983952
0,1,3,22.3941078743036
1,1,2,10.7052607472085
0,1,1,19.9586655844099
0,1,1,22.5276990052212
1,1,1,16.1164849188486
0,1,3,23.6748134337663
0,1,3,20.2009057211042
1,1,2,12.2348616732725
0,1,3,19.0233677910419
0,1,1,22.2008221314886
1,1,2, 
0,1,1,16.3783861591015
0,1,2,20.8406203346928
1,1,2,18.437078377006
0,1,1,19.5475577156651
0,1,1,21.8410817818303
1,1,1,15.8568342954351
0,1,1,20.5364522374641
0,1,3,16.6106128433957
1,1,2,16.9079574233148
0,1,1,26.2943915736993
0,1,2,22.6602285685716
1,1,3,14.4842316740861
0,1,3,19.2505880734046
0,1,2,19.4323636683314
1,1,2,16.40526768206
0,1,2,24.9797234016041
0,1,1,18.8647084947339
1,1,2,22.2445432576302
0,1,2,18.4003681578328
0,1,3,19.8578228808126
1,1,2,13.8979736897878
0,1,2,15.7297595788742
0,1,3,26.5075981816171
1,1,3,18.809018025206
0,1,2,22.5399734777512
0,1,3,16.7420414302803
1,1,2,17.9491529327955
0,1,1,25.3138013777436
0,1,1,19.6361698450766
1,1,1,12.5034498232751
0,1,1,16.1693884744644
0,1,2,13.5596950196721
1,1,1,10.0395961439863
0,1,2,17.2051059411835
0,1,1,12.6941111641971
1,1,1,10.2296082768213
0,1,2,17.3268745285655
0,1,2,19.9552686912378
1,1,1,20.5542897708366
0,1,1,17.5108879833272
0,1,3,26.6500963431105
1,1,1,15.9529283919025
0,1,3,23.6313787570491
0,1,3,23.8128169423901
1,1,2,27.7764626892677
0,1,1,14.8244000426296
0,1,3,15.9810783076016
1,1,3,20.5655377226904
0,1,2,20.6120995040008
0,1,3,25.3170866454943
1,1,3,22.3505173128485
0,1,2,17.0478601205601
0,1,1,16.0853239794897
1,1,3,25.197780416702
0,1,2,22.0950867474741
0,1,1,17.674769056177
1,1,2,9.31995311265277
0,1,3,24.2343704464267
0,1,1,20.5193426621096
1,1,1,9.06464213616107
0,1,1,17.5087128807212
0,1,3,15.1043703669395
1,1,1,5.23679959735064
0,1,2,21.5821831183019
0,1,2, 
1,1,2,12.0249092732208
0,1,2,20.1595279964637
0,1,1,22.036725558308
1,1,2,19.8879902453158
0,1,2,19.2988173500175
0,1,2,15.6805673676856
1,1,1,15.7875549754016
0,1,1,16.8592976997744
0,1,3,24.1975852127281
1,1,3,14.972665837536
0,1,2,17.2208734189193
0,1,1,16.4075447013045
1,1,3,19.8229397715053
0,1,1,18.3035246404323
0,1,2,19.1545384106748
1,1,2,18.0219325913481
0,1,1,20.3200527511373
0,1,3,23.4886803068565
1,1,2,17.2135332146148
0,1,3,24.7827894882355
0,1,2,20.3670351534267
1,1,3,18.2894073691402
0,1,1,11.9727518129253
0,1,3,19.2763954038768
1,1,3,23.9386100458241
0,1,3,23.8082923778008
0,1,1,19.7858214391467
1,1,2,14.3911660546659
0,1,2,21.5785450506868
0,1,2,11.4100652161495
1,1,3,9.46340512648817
0,1,1,17.7917738962876
0,1,2,17.0435470739039
1,1,2,11.492403258946
0,1,1,19.5951590517862
0,1,1,14.279951758887
1,1,3,22.0609797500845
0,1,3,20.2955525579048
0,1,1,21.2035329406793
1,1,1,16.5019636700422
0,1,2,20.3763391351728
0,1,3,18.9100249061893
1,1,3,21.8348645444721
0,1,3,18.8389526348345
0,1,2,17.1197141507621
1,1,1,18.9029932905309
0,1,2,17.1762856019647
0,1,3,21.4609320976426
1,1,1,4.2157322423472
0,1,3,18.9799484269163
0,1,1,14.2646138503897
1,1,3,22.9583912355379
0,1,2,19.2296164304918
0,1,2,17.5169025662948
1,1,3,18.9735680219949
0,1,3,21.7834409014728
0,1,1,17.7577942345124
1,1,3,11.641602147132
0,1,1,19.1846593747859
0,1,1,17.7531838173258
1,1,2,17.8252576893531
0,1,2,19.9678098824698
0,1,1,15.6641248077006
1,1,3,25.2417824515935
0,1,1,16.7782393739221
0,1,1,16.8712474665499
1,1,1,16.3693259714567
0,1,2,17.6879168568523
0,1,2,22.4417862815548
1,1,3,14.4119956189876
0,1,2,19.9308402330014
0,1,2,21.8189617234345
1,1,2,16.1419902256195
0,1,1,21.5928322080191
0,1,2,21.8679177123755
1,1,2,20.2040933909433
0,1,1,21.2657619872956
0,1,2,15.3729423008834
1,1,1,13.8367163842906
0,1,3,25.4080736569153
0,1,2,25.2346221110582
1,1,1,14.3840304311246
0,1,3,24.7204104814288
0,1,2,17.6143024911109
1,1,1,19.0134914752255
0,1,3,16.5827764924421
0,1,1,19.7587772573548
1,1,2,15.0871671678958
0,1,3,16.5241990917295
0,1,1,21.1116723980691
1,1,1,15.6710313038555
0,1,3,19.5614519053488
0,1,1,20.2696994371637
1,1,1,15.4691271621023
0,1,3,27.0259473767262
0,1,2,19.5504215489916
1,1,3,13.5889063472163
0,1,1,15.2468597469657
0,1,3,21.4531494995667
1,1,1,18.8134782300109
0,1,1,22.7589693648751
0,1,2, 
1,1,2,13.7696815955801
0,1,2,21.6455225308587
0,1,1,16.5852061890339
1,1,2,11.0555851088325
0,1,3,22.4533659707583
0,1,2,20.1267231167221
1,1,1,11.4382860781791
0,1,3,21.2910125564302
0,1,2,23.1833865299715
1,1,2,20.1417934932641
0,1,3,25.9043758857328
0,1,1,15.2395954534732
1,1,1,17.934210497692
0,1,3,22.0585346735047
0,1,1,24.3216668136292
1,1,3,13.390515648244
0,1,2,25.4955511232834
0,1,2,19.871638691052
1,1,3,21.3229061931516
0,1,2,21.5303932790609
0,1,2,21.7230897911001
1,1,1,10.2510535298149
0,1,3,18.060850946085
0,1,2,22.0634852332706
1,1,2,12.4231130468857
0,1,3,19.827789324955
0,1,1,25.1135800539854
1,1,2, 
0,1,1,12.0471227239036
0,1,3,18.8341332518134
1,1,2,18.0415440069928
0,1,3,27.1322146203397
0,1,2,15.7010780738199
1,1,3,21.9622065381437
0,1,1,17.9139324443377
0,1,3,19.2544468465078
1,1,3,17.567484390576
0,1,2,16.4274163641941
0,1,3,22.081395352042
1,1,2,17.6562403844659
0,1,2,21.130129993035
0,1,3,23.1907165677723
1,1,2,24.0944408488036
0,1,2,15.4118342420693
0,1,3,21.1607135905991
1,1,2,23.5914202701583
0,1,1,18.2846596295677
0,1,3,20.9441905715339
1,1,3,14.057990258991
0,1,2,26.4689464428288
0,1,1,17.0764500551921
1,1,1,20.3421001949741
0,1,1,19.9033446615277
0,1,1,17.7360861857928
1,1,2,9.51736890704547
0,1,2,25.3487740111712
0,1,2,19.9204087596089
1,1,2,21.9401447920263
0,1,2,16.3297941005468
0,1,1,19.274574938646
1,1,2,28.1959544390874
0,1,2,21.9873216272665
0,1,3,15.4040316610612
1,1,1,15.7429419019636
0,1,3,17.3647207240716
0,1,3,22.8047707580102
1,1,2,14.4428566499004
0,1,3,16.5687776179212
0,1,3,21.3708224977248
1,1,1,10.7962560743456
0,1,2,17.0148384145204
0,1,2,14.1372753610744
1,1,2,21.939368204538
0,1,1,20.8761477921109
0,1,2,23.7944205966669
1,1,1,15.7173175784603
0,1,2,16.9591418227223
0,1,3,19.675509581981
1,1,2,21.4802659916241
0,1,1,21.7673910572985
0,1,1,21.7385265146077
1,1,1,16.1735409583209
0,1,1,25.6306960750446
0,1,1, 
1,1,2,22.7642600701111
0,1,2,24.4666605214785
0,1,2,21.9599071881317
1,1,1,25.285144428313
0,1,1,21.2111058350602
0,1,2, 
1,1,2,11.0744689205161
0,1,2,14.3502367611095
0,1,2,16.9173927560971
1,1,1,12.6052074083988
0,1,3,25.8596836357789
0,1,1,17.1428667882568
1,1,2,12.3425057544891
0,1,2,17.7979425239275
0,1,2,19.0281551185805
1,1,1,17.1041738350169
0,1,2,21.4367335058043
0,1,3,23.1148666646057
1,1,3,26.2042314469664
0,1,2,19.8171355626494
0,1,2,22.38330871894
1,1,1,18.4452759875583
0,1,1,20.0501687311304
0,1,2,22.6617871862366
1,2,4,20.4888276541851
0,2,4,22.0148412327339
0,2,3,20.8454443302373
1,2,4,15.0521552349639
0,2,5,17.9643371286532
0,2,5,26.3721957928937
1,2,2,12.4211278312052
0,2,2,17.5591423680633
0,2,4,26.8202023094755
1,2,4,16.9662996204418
0,2,3,18.450460666074
0,2,2,13.6200514549078
1,2,5,20.5412783013313
0,2,3,24.8982287865948
0,2,5,25.536769069263
1,2,5,22.043110632793
0,2,4,23.6795801602179
0,2,4,24.5391320773307
1,2,4,15.2441664252612
0,2,2,15.5474755447146
0,2,5,21.4835802062353
1,2,4,17.9901720393264
0,2,5,22.8735583084724
0,2,4,19.2370316494452
1,2,3,19.6497221777751
0,2,3,23.7390717215297
0,2,4,24.3595210936367
1,2,3,28.227294617911
0,2,4,26.1405388402179
0,2,5,24.4378308115306
1,2,5,9.02722234202085
0,2,1,16.6836973067549
0,2,5,18.697604673014
1,2,4,19.5771187750368
0,2,4,18.3126490775138
0,2,5,22.2571782598521
1,2,3,18.6152400261851
0,2,4,20.6843012775087
0,2,3,20.93916999868
1,2,4,21.2683875159087
0,2,3,21.4357296310397
0,2,2,8.64206836756636
1,2,5, 
0,2,3,23.0076741508649
0,2,5,25.9563111112566
1,2,5,16.4519057762191
0,2,3,20.1936939068106
0,2,3,20.9189554891108
1,2,2,19.6390065203335
0,2,3,26.7674503279333
0,2,3,14.4831841716668
1,2,4,21.3392672093506
0,2,2,24.2965632686165
0,2,3,17.5200784165549
1,2,3,19.8644858193033
0,2,4,21.0721690971333
0,2,1,19.9692148547752
1,2,5,20.8350660241256
0,2,3,17.4148939784649
0,2,4,19.2050079160471
1,2,5,24.1682323655326
0,2,3,21.8512367041659
0,2,3,17.5033944291651
1,2,4,21.085465947221
0,2,3,21.6459075081594
0,2,3,23.0683830643392
1,2,4,18.2311213477921
0,2,3,21.2474663184594
0,2,4,23.3749287987198
1,2,2,16.3595628149031
0,2,3,24.51794118475
0,2,3,21.2330918782306
1,2,3,24.8329924844196
0,2,3,12.872165184563
0,2,2,15.6205002735924
1,2,4,9.95331902568328
0,2,4,30.7229127506484
0,2,4,20.7237640210703
1,2,3,10.6262995546576
0,2,5,25.3513044889819
0,2,5,17.7910083909054
1,2,2,20.0378852075707
0,2,2,20.0909792578395
0,2,2,18.9310115441709
1,2,5,12.576301830501
0,2,4,18.8614744134219
0,2,4, 
1,2,3,18.7882523928006
0,2,3,14.2608383987792
0,2,3,25.4617444104561
1,2,3,17.8381428774866
0,2,4,25.5179300875563
0,2,4,23.8229782937662
1,2,2,22.6512003376535
0,2,4,21.472198917178
0,2,3,23.2552340455469
1,2,4,18.7156812265187
0,2,4,24.888751212225
0,2,2,22.269745554557
1,2,4,23.861475097007
0,2,5,25.2997672054197
0,2,2,21.4878223522201
1,2,1,21.8454078961677
0,2,3,17.4974476310606
0,2,2,15.7294846844334
1,2,5,23.4546493433398
0,2,3,20.0637502297929
0,2,4,15.4447597028191
1,2,2,12.9792879749532
0,2,3,22.9612406561932
0,2,2,17.4511530715135
1,2,4,18.7062002000491
0,2,5,21.0354948298063
0,2,4,23.5442466582872
1,2,5,17.3161600099404
0,2,5,24.7427241119772
0,2,3,20.5656353518497
1,2,4,13.7387215270649
0,2,4,20.4989139503766
0,2,2,19.3095338211235
1,2,3,15.1081853260425
0,2,3,21.2544942876204
0,2,5,18.0568406991541
1,2,4,22.6177176764352
0,2,3,14.3024265811078
0,2,4,24.592071585955
1,2,3,25.3159727105872
0,2,4,19.5342223079415
0,2,5, 
1,2,2,23.0377481500461
0,2,3,23.3192370037432
0,2,3,13.4974362864978
1,2,2,18.6214677377126
0,2,4,19.4709120913927
0,2,2,20.5434400042968
1,2,2,16.9867313489653
0,2,4,15.3578687075884
0,2,3,23.4383436501877
1,2,2,12.4361189087417
0,2,3,23.2996095278969
0,2,4,21.2831240882807
1,2,3,17.1485943510588
0,2,3,16.5419735563127
0,2,3,21.2206061951434
1,2,4,15.7340003736025
0,2,4,21.5863769507807
0,2,4,23.7890523281459
1,2,3,24.2205437650635
0,2,5,18.3557365678597
0,2,2,20.2788348981873
1,2,4,18.1696284868209
0,2,5,16.5974167780083
0,2,3,22.1131837995698
1,2,4,19.6778222876097
0,2,3,16.1728821131678
0,2,4,21.3553078751445
1,2,3,15.3277498827901
0,2,2,13.3884564683103
0,2,3,17.7696158814103
1,2,3,17.7217485841683
0,2,2,28.2188403436048
0,2,5,27.9251147238095
1,2,2,17.1438902300924
0,2,3,21.6407056165981
0,2,5,23.0977503727047
1,2,4,22.640645144485
0,2,3,18.3644008383195
0,2,3,21.3287834282351
1,2,2,16.7368914641148
0,2,3,18.174045723632
0,2,3,20.5278778950603
1,2,3,10.5910838406707
0,2,1,17.8598274609407
0,2,4,20.6164709370222
1,2,2,16.6959409043874
0,2,5,22.4574874767625
0,2,5,32.8038537410009
1,2,4,16.4953243300809
0,2,5,23.0727569563983
0,2,1,16.9459711728653
1,2,5,23.9265624696651
0,2,4,23.899240104525
0,2,4,21.7940150814446
1,2,3,10.8204639019461
0,2,4,24.3696090290349
0,2,5,18.6527875755199
1,2,4,14.9779962929563
0,2,4,24.5760313399194
0,2,3,15.6202274043327
1,2,4,20.1274955025032
0,2,3,20.8874263524239
0,2,4,19.0459290761158
1,2,2,16.3829246476903
0,2,2,22.5083620790269
0,2,4,24.6469229226923
1,2,5,12.6132175851625
0,2,4,21.3481335431281
0,2,4,22.9561285996271
1,2,4,21.731987210949
0,2,4,19.5160927098132
0,2,5,23.4981964899512
1,2,5,21.1904780718749
0,2,3,19.4582189726063
0,2,4,19.1940334836747
1,2,2,15.1356749664033
0,2,4,27.1661492807172
0,2,3,25.2791043919601
1,2,2,18.1332881087122
0,2,4,22.3198857195024
0,2,4,20.8453422729377
1,2,1,19.2039394176201
0,2,3,25.6671564986255
0,2,5,23.4743176261511
1,2,4,19.1606887273473
0,2,4,24.1116273844561
0,2,3,18.4977208365284
1,2,3,9.49813531505512
0,2,3,11.9357115945271
0,2,4,26.4359848841022
1,2,5,20.0406781227198
0,2,4,22.5003322602823
0,2,4,23.8904059641335
1,2,5,29.3420244920476
0,2,2,23.0636468786089
0,2,3,16.8621680150365
1,2,4,21.5681749105581
0,2,1,21.4914764458905
0,2,4,24.155294608399
1,2,3,16.3349200441893
0,2,3,18.7203538736359
0,2,4,14.7440938911504
1,2,5,19.9316597556918
0,2,4,13.7691411789472
0,2,3,20.523896314972
1,2,3,26.9459888083531
0,2,2,24.1088504947491
0,2,3,18.5455167435238
1,2,3,22.0912287776178
0,2,4,20.9749540638864
0,2,2,23.744814656873
1,2,3,19.9143213951232
0,2,2,17.5605895100609
0,2,1,18.3984326372214
1,2,4,15.8592062408194
0,2,5,23.4565903408483
0,2,4,22.1958058495324
1,2,4,15.8153911376589
0,2,4,23.9139977678816
0,2,3,24.7561851028224
1,2,4,16.1544768247073
0,2,5,22.4693268802814
0,2,2,19.2280095447429
1,2,4,22.1082408041261
0,2,5,14.9607886042448
0,2,5,22.6596414027165
1,2,2,20.9772560774507
0,2,4,24.1626083105207
0,2,3,25.1355245489905
1,2,4, 
0,2,3,24.4831019761619
0,2,2,22.1636478734993
1,2,2,12.575660003782
0,2,1,16.1887220682563
0,2,5,17.2836667033668
1,2,4,13.3751175988231
0,2,2,15.4894861475225
0,2,4,17.7577603636367
1,2,3,16.6850926892668
0,2,4,24.3417985041953
0,2,5,22.88088691485
1,2,4,26.5030020910115
0,2,4,14.4926815525698
0,2,2,23.6001906993188
1,2,3,22.7303107674399
0,2,4,22.7877784958538
0,2,4,20.3325029821716
1,2,3,21.1567403739107
0,2,5,20.1307943475076
0,2,5,21.001228311023
1,2,4,16.7891108454819
0,2,1,15.8066490182217
0,2,3, 
1,2,1,8.98422997210115
0,2,3,18.7612914749861
0,2,4,23.3306809213004
1,2,3,24.266543798314
0,2,2,16.3108145691183
0,2,5,23.9876118284951
1,2,3,25.1229934998817
0,2,2,15.6854236206325
0,2,2, 
1,2,3,20.4081288342376
0,2,3,19.8896979720883
0,2,4,21.8252704289922
1,2,3,20.2013847228311
0,2,1,15.4570282499844
0,2,3,22.5299351738959
1,2,3,16.6077433309821
0,2,4,26.0870554283372
0,2,5,20.688089690377
1,2,2,13.2942478185778
0,2,3,19.4376236899239
0,2,3,17.9119249834384
1,2,2,22.2025964861145
0,2,2,20.2234314914779
0,2,3,20.4656644939326
1,2,3,10.5241914063446
0,2,2,24.8065905805677
0,2,3,23.2013912981815
1,2,2,23.1039214532374
0,2,3,23.3189736271663
0,2,5,17.4814817043846
1,2,3,19.3760291024043
0,2,4,19.7434631565344
0,2,1,13.3206961052438
1,2,1,14.8113336707083
0,2,3,14.6541727370702
0,2,4,20.4338585577542
1,2,4,17.9230017889683
0,2,3,16.9895038524172
0,2,3,18.4072432239907
1,2,4,10.4787735302447
0,2,5,28.1857280924782
0,2,5,19.1919789444551
1,2,3, 
0,2,3,19.5306303811454
0,2,4,23.2032752585017
1,2,5,23.6636670847369
0,2,3,22.0617902502015
0,2,4,20.168868084754
1,2,5,30.0341929752422
0,2,4, 
0,2,3,21.5736212545363
1,2,4,18.6681321885108
0,2,2,21.4149568742958
0,2,3,21.9203072114525
1,2,3,11.4857062726146
0,2,4,22.481135476598
0,2,4,21.4710551176215
1,2,3,29.0581124311746
0,2,3,23.8546536135376
0,2,2,19.7209621430066
1,2,3, 
0,2,4,22.5978918443877
0,2,2,17.4802700666751
1,2,4,22.2762376216209
0,2,1,15.8778335819155
0,2,3,15.8361688388764
1,2,4,16.0204886082233
0,2,2,15.0916180570871
0,2,5,24.323733424244
1,2,2,17.1957462605708
0,2,3,24.4028203038356
0,2,3,17.1629358991169
1,2,4,18.6200791497241
0,2,4,21.0526909254361
0,2,5,23.9070361544085
1,2,4,26.935438730809
0,2,3,27.419918634369
0,2,5,20.3887911005102
1,2,2,23.8121035781963
0,2,3,16.7356815160742
0,2,1,26.9569436477132
1,2,5,18.3883419029961
0,2,4,24.3514948455823
0,2,5,17.9273581396279
1,2,4,18.8231997212528
0,2,3,17.7347188933096
0,2,5,23.9736193863867
1,2,2,15.6463281053052
0,2,5,20.349386289587
0,2,5,17.9717933399615
1,2,3,9.74030404857282
0,2,4,23.6999261028658
0,2,4,24.1142015332013
1,2,3,14.6660817209538
0,2,5,20.6849112046802
0,2,3,17.5743987126128
1,2,3,23.3595542172376
0,2,3,18.3764606271902
0,2,3,20.7183393046551
1,2,4,11.5593887980332
0,2,3,22.0736021792548
0,2,2,17.6844467349479
1,2,3,18.4107889065011
0,2,4,20.6797746457195
0,2,2,20.6860370851324
1,2,4,18.3809276690953
0,2,2,18.9038640545511
0,2,3, 
1,2,4,19.8746255893303
0,2,4,23.3784660073977
0,2,3,19.3808873731509
1,2,2,18.6408772617924
0,2,4,17.0831086035517
0,2,4,24.3041760789436
1,2,4,16.7648046897227
0,2,3,10.7278813130474
0,2,2,20.0358288661866
1,2,5,29.475835838282
0,2,3,22.3958501586067
0,2,5,19.5958535509786
1,2,3, 
0,2,4,25.9895031942758
0,2,4,22.7876584451351
1,2,4,21.2941742980691
0,2,4,19.4019785807597
0,2,3,22.1341163165629
1,2,3,22.8195794065527
0,2,4,18.9749713429468
0,2,3,18.8582421283624
1,2,5,17.7722269652093
0,2,1,18.4771645987069
0,2,3,22.3007491642214
1,2,2,16.4711976635152
0,2,4,20.4222113411454
0,2,4,21.6129870705166
1,2,5,16.8281710195324
0,2,3,15.5124492173802
0,2,4,20.811965416855
1,2,3,27.45971903948
0,2,4,23.0082514366951
0,2,2,17.2852331781236
1,2,4,20.2516855572758
0,2,4,22.0216476797353
0,2,4,20.542107147523
1,2,5,25.7561999444278
0,2,5,16.2886144791579
0,2,2,18.1091522860636
1,2,5,13.6461857341905
0,2,2,22.7942569448934
0,2,4,24.1889933351588
1,2,5,14.3489240682322
0,2,4,18.8644658813323
0,2,3,23.163674547365
1,2,5,21.5915287151868
0,2,3,23.5648838453048
0,2,4,18.6197379994393
1,2,5,16.5394697885845
0,2,2, 
0,2,4,22.9080092906955
1,2,3, 
0,2,3,20.5326875801067
0,2,5,23.0505330763829
1,2,3,15.4206634258798
0,2,3,23.4302047014585
0,2,3,19.7153129462454
1,2,4,18.6742223303085
0,2,3,20.8509265953522
0,2,3,19.3642151764567
1,2,3,9.3915280959607
0,2,3,24.0952311705819
0,2,4,16.8015059592167
1,2,1,18.2224445677599
0,2,4,17.8293847049634
0,2,2,20.9035472436517
1,2,2,14.8641158517766
0,2,3, 
0,2,2,20.5002906522045
1,2,5,17.9230096473592
0,2,3,15.4732065157609
0,2,4,17.5984399930926
1,2,3,26.4211994206587
0,2,4,21.0030247927252
0,2,4,25.2899431558942
1,2,3,19.5854417569412
0,2,3,15.1179874640057
0,2,4,25.0451728070803
1,2,2,19.21910489754
0,2,3,21.6702282933553
0,2,4,23.0196366548603
1,2,4,21.1275063904291
0,2,4,20.0315425167298
0,2,3,21.2119881664625
1,2,5,20.0885934284331
0,2,5,25.4174834685398
0,2,2,16.7078757880561
1,2,5,21.1021320441168
0,2,1,21.8362817102966
0,2,5,24.3892004703727
1,2,4,20.7228774342597
0,2,2,20.9163320326964
0,2,3,25.4960099072759
1,2,2,19.8245029015102
0,2,3,19.802417832861
0,2,4,21.0450462544058
1,2,4,21.1914551795449
0,2,5,19.2730679975747
0,2,4,19.3749561439719
1,2,3,12.5873013175002
0,2,4,19.1239771517359
0,2,3,19.4907204078228
1,2,3,23.4358763777177
0,2,4,21.4776962907167
0,2,5,20.2429076312484
1,2,4,18.8761645501347
0,2,3,18.3162286499047
0,2,4, 
1,2,3,17.8335686434685
0,2,3,21.3377789633428
0,2,4,16.5751111287534
1,2,4,22.8408029572988
0,2,3,20.692394006608
0,2,3,22.2305754357463
1,2,2,11.0151406753355
0,2,5,18.6559482986104
0,2,3,14.7791145017839
1,2,2,23.0402359836774
0,2,4,15.4635268151809
0,2,2,24.3034041179072
1,2,3,11.9368832155998
0,2,3,23.902302315485
0,2,2,21.9350082170958
1,2,5,22.7861976249228
0,2,4,23.5823790949257
0,2,3,24.3842683844289
1,2,1,14.9587220591975
0,2,5,22.2426603905572
0,2,3,19.0463839610486
1,2,4,18.4190156712083
0,2,5,22.9107346268865
0,2,4,22.9074664082785
1,2,3,13.6911098882646
0,2,4,24.5608069487684
0,2,2,23.9090256650315
1,2,5, 
0,2,3,16.1599815609301
0,2,4,23.0570626706027
1,2,5,26.3090774608509
0,2,4,25.2331873410877
0,2,3,22.2697430035824
1,2,5,19.7585661091043
0,2,3,19.6883005136842
0,2,5,22.4301943643958
1,2,5,14.7079219562602
0,2,3,25.2281824704154
0,2,3,19.6799211572656
1,2,5,26.7570710890021
0,2,4,22.6876021939984
0,2,2,20.1332481359102
1,2,4,15.2837482925665
0,2,3,19.4896284669101
0,2,3,18.1111803889135
1,2,4,18.0449499868491
0,2,3,18.063863255618
0,2,5,20.3022480073623
1,2,3,15.4710913052153
0,2,5,19.9337904034291
0,2,4,20.382941383113
1,2,3,19.8702526367244
0,2,4,21.3228724116771
0,2,5,24.6686740519606
1,2,3,15.7082070569303
0,2,3,22.1631214277213
0,2,5,24.3892335455707
1,2,5,19.2391631800144
0,2,2,19.8240633540406
0,2,5,25.0467721573632
1,2,3,19.6456742849958
0,2,3,24.4039583356492
0,2,4,22.0173987417962
1,2,4,23.8369859811542
0,2,3,21.2475210354537
0,2,3,21.4719156331079
1,2,4,24.2586245333454
0,2,3,19.3083567816066
0,2,4, 
1,2,4,20.2874669648082
0,2,3,19.6008286608091
0,2,2,19.8655713749519
1,2,5,22.2898303331533
0,2,3, 
0,2,4,24.0651446853231
1,2,4,16.665137774496
0,2,4, 
0,2,1,22.4346012217012
1,2,5,15.1369816452134
0,2,3,21.9942119039321
0,2,2,20.2080546379558
1,2,5,22.8228047358587
0,2,2,21.8004268696684
0,2,3,26.8110703890939
1,2,4,21.4607664798239
0,2,3,15.2874100617002
0,2,1,14.198141908657
1,2,4,20.6540329401799
0,2,4,25.2001917685378
0,2,4,26.8839667995774
1,2,4,13.0058728864519
0,2,3,16.7173852148646
0,2,3,23.3480050759824
1,2,5,17.3882960646616
0,2,4,27.8152741338018
0,2,1,22.0881144305608
1,2,3,18.0720624044048
0,2,3,15.1163006289064
0,2,2,20.630850913057
1,2,5,20.0889262516424
0,2,4,21.8294734291562
0,2,3,16.1815780318984
1,2,1, 
0,2,3,16.7517327871759
0,2,3,21.8056424416022
1,2,4,15.474001636176
0,2,1,21.9382962377411
0,2,4,18.6945990143113
1,2,3,22.2996221776247
0,2,3,21.9949146498062
0,2,2,16.3864063008651
1,2,3,14.6627195975556
0,2,5,19.5535711978271
0,2,1,23.5311203950761
1,2,3,17.9484450762854
0,2,3,12.8184714797565
0,2,4,23.0332975283169
1,2,3,18.1701833763444
0,2,2,14.641534437362
0,2,5, 
1,2,3,12.3689867674122
0,2,2,15.91446814196
0,2,3,19.8434412868085
1,2,3,19.2768538096868
0,2,4,21.9489167484498
0,2,2,12.4931059576987
1,2,3,10.3565147028196
0,2,4,25.2051644816436
0,2,3,22.9711205445124
1,2,3,18.0469211457004
0,2,3,17.8506370498308
0,2,2,21.5294723974192
1,2,4, 
0,2,2,13.9360339300805
0,2,3, 
1,2,5,23.3939426017865
0,2,4,22.4085995256466
0,2,4,23.1681328605983
1,2,3,21.6798269882886
0,2,3,21.4281655170021
0,2,3,20.7232487767573
1,2,5,22.2570982163845
0,2,2,17.7816015562132
0,2,4,23.9105177262126
1,2,3,14.5441731070585
0,2,3,21.5102121186453
0,2,4, 
1,2,5,21.2372748155763
0,2,5,17.4544482425308
0,2,2,19.5952477559588
1,2,3,17.8831613536649
0,2,5,20.3088203758789
0,2,5,21.3367489385905
1,2,3,16.6910324053002
0,2,3,23.8090061652388
0,2,4,24.4234223762243
1,2,3,12.33843852163
0,2,3, 
0,2,3,19.4256835944783
1,2,3,24.8705472280254
0,2,4,24.6834203828753
0,2,1,22.5737081545574
1,2,5,12.7483494533091
0,2,4,15.9185292476891
0,2,3,16.1102642299308
1,2,2,20.5035551847697
0,2,3,14.8325060381145
0,2,4,11.8683961155388
1,2,5,14.3687072385022
0,2,2,17.2929100949199
0,2,4,23.188994327166
1,2,1,15.5738685794123
0,2,4,28.1454270854821
0,2,4,18.6179537762569
1,2,4,22.9422838516876
0,2,4,22.2362065914183
0,2,2,13.9849917565324
1,2,4,18.5968170050342
0,2,5,26.967448090101
0,2,2,18.8237568947279
1,2,4,20.8167383452435
0,2,2,21.7613399481485
0,2,3,23.6211186236584
1,2,3,23.5213920843178
0,2,3,16.0975645788959
0,2,4,19.2287802042091
1,2,4,13.9363327260148
0,2,3,19.3243505794474
0,2,4,17.5358349724326
1,2,2,23.4064500719805
0,2,2,14.7666881283445
0,2,5,15.4464109117458
1,2,2,21.0334738097039
0,2,3,16.689079787062
0,2,2,18.534484020095
1,2,3,15.5130892519039
0,2,2,24.7890750173658
0,2,4,23.029287466808
1,2,2,15.2217517329719
0,2,5,21.2494942693074
0,2,2,15.2135418120648
1,2,3,25.1762150289239
0,2,4,21.2688736034815
0,2,3,21.0031364108242
1,2,4,21.5693208603193
0,2,4,17.8121123057174
0,2,1,26.5452962664456
1,2,3,20.6786720040322
0,2,2,18.4658590071424
0,2,4,18.2932580280831
1,2,1, 
0,2,2,21.4201008842605
0,2,4,18.5009933426621
1,2,2,16.3276161556126
0,2,1,16.6609764832216
0,2,3,26.4085203206267
1,2,5,14.3490681062798
0,2,4,23.5302444161201
0,2,2,21.4658757333221
1,2,3,13.1996335354943
0,2,5,20.2138768970199
0,2,4, 
1,2,2,18.5891273567735
0,2,3,24.0154599179783
0,2,4, 
1,2,5,24.723934160774
0,2,3,17.9220167980265
0,2,2,17.7092627293587
1,2,4,13.0670202149744
0,2,4,22.0053385445898
0,2,2,19.1500270835782
1,2,3,16.3936666503263
0,2,4,19.824528221051
0,2,5,25.5415195444976
1,2,5,23.4515374330942
0,2,1,21.8573348905122
0,2,3,16.9974355707391
1,2,5,18.3298490844854
0,2,3,23.7505606569826
0,2,5,24.3922911638772
1,2,4,29.2777261513415
0,2,4,15.3955531998783
0,2,3,20.1239084259075
1,2,4,12.3697171990236
0,2,3,19.8496025632804
0,2,4,21.7704741665429
1,2,2,7.65208844355681
0,2,3,17.858788861137
0,2,5,19.1834619777553
1,2,2,19.6407449059982
0,2,3,22.0555666004395
0,2,4,19.9700526610799
1,2,3,15.8103122927093
0,2,4,23.5599728941094
0,2,2,24.6965122381772
1,2,4,15.2153116856417
0,2,2,12.4807864672732
0,2,3,15.3389146784002
1,2,5,29.7630394122922
0,2,2,17.9268871198119
0,2,2,21.5835538170469
1,2,4,17.06539025109
0,2,3,19.0504995773562
0,2,3,22.006308034687
1,2,4,17.1321011815895
0,2,4,17.1413577022986
0,2,4,20.8044928083131
1,2,3,12.5848918575126
0,2,3,22.3415727378055
0,2,4,19.4579289532439
1,2,3,24.8021513965773
0,2,4,19.3318956049114
0,2,2,16.9234346119758
1,2,2,19.4030224204853
0,2,3, 
0,2,1,17.2633252479166
1,2,4,16.1910460727006
0,2,2,18.7433829385158
0,2,4,20.9522126305617
1,2,1,15.5495105275918
0,2,4,21.5163988661854
0,2,2,19.473712896148
1,2,3,19.3156584937581
0,2,4,24.0154734962669
0,2,3,20.5587999385291
1,2,3,11.5233351534508
0,2,5,20.3367918870989
0,2,3,19.0293550320103
1,2,1,15.5696357407208
0,2,4,21.9248977233939
0,2,3,17.3120689045009
1,2,4,18.6540200012211
0,2,4, 
0,2,4,13.1453845944134
1,2,2,23.0154884466215
0,2,4,21.78893706875
0,2,4,20.644717079574
1,2,2,13.9152641540088
0,2,4,19.9419733492144
0,2,5,21.484959028553
1,2,3,9.79242569884695
0,2,3,21.8112483814159
0,2,3,23.2852471335735
1,2,4,22.0591884351902
0,2,2,17.6526077734894
0,2,5,22.1031147774704
1,2,3,17.9927994450546
0,2,3,18.6759493994456
0,2,1,19.3049380390984
1,2,3,25.0357419229872
0,2,2,14.7925729416545
0,2,4,22.6762582177468
1,2,3,17.9487211216292
0,2,4,16.2668159829394
0,2,5,20.0758675707352
1,2,4,14.1835724460912
0,2,3,25.4158568607197
0,2,2,16.5264952812677
1,2,4,11.8467817716405
0,2,3,21.5838558845627
0,2,3,22.9188515232358
1,2,3,22.6518087076106
0,2,4,21.3707338565649
0,2,3,18.7100658537065
1,2,5,26.5170189734121
0,2,3,20.4165875737989
0,2,1,21.1947137232896
1,2,2,15.752455153445
0,2,5,23.1099546092328
0,2,4,19.1582530611181
1,2,3,19.0566127507119
0,2,5,21.9515601239939
0,2,5, 
1,2,5,15.1845258510626
0,2,4,13.7294158244383
0,2,5,23.9529903660846
1,2,2,17.6434182170529
0,2,2,20.7111078810688
0,2,4,19.7452012377739
1,2,3,18.2721998418917
0,2,1,12.5457409487925
0,2,2,24.0627836856062
1,2,4,17.2798952066393
0,2,3,23.4099232758636
0,2,3,21.3740188657338
1,2,4, 
0,2,3,22.1106600802932
0,2,3,20.6898880499378
1,2,3,14.8177228063212
0,2,4,21.388162495288
0,2,5,24.3978782181611
1,2,2,20.0700432903557
0,2,4,26.4215032557316
0,2,2,14.8050680164646
1,2,4, 
0,2,3,20.5618521974285
0,2,4,16.4322540401111
1,2,4,18.120034982297
0,2,3,22.7484507571849
0,2,5,27.175036199632
1,2,3,16.13048146826
0,2,4,16.0615451789491
0,2,4,17.0738536731409
1,2,4,20.0406226874232
0,2,5,19.7420777764472
0,2,3, 
1,2,5,23.4526026262294
0,2,2,18.054260830336
0,2,4,25.582142113671
1,2,5,20.6876941366212
0,2,2,21.4077544436736
0,2,2,18.300652272189
1,2,3,17.6638546223748
0,2,4,20.9905861123161
0,2,3,24.9544370231228
1,2,2,13.3879874622347
0,2,4,19.4617492406999
0,2,3,16.8806870634131
1,2,4,21.8770827732005
0,2,3,22.9160580981777
0,2,5,20.7287434983614
1,2,5,19.9263731257739
0,2,3,21.8459420182991
0,2,5,22.6705937849569
1,2,2,12.4212554531518
0,2,2,18.0316887431099
0,2,4,24.5431476513726
1,2,2,20.1540473917833
0,2,4,25.8958648586476
0,2,2,21.8583070370399
1,2,1,20.0387696437028
0,2,3,23.5334034026595
0,2,4,24.0779629579016
1,2,4,16.3876511235238
0,2,2,15.7725980008933
0,2,1,16.0125545801791
1,2,1,18.7403789094015
0,2,5,30.9147884068137
0,2,3,18.9169709195647
1,2,3,8.03020014857469
0,2,4,16.2112251501079
0,2,4,23.8091610277067
1,2,3,14.2100013945058
0,2,3,17.8562022581506
0,2,4,25.3830682134493
1,2,3,21.9713893867779
0,2,4,22.3693254842564
0,2,3,24.3600246726111
1,2,3,13.3352707758029
0,2,3,20.8081394370951
0,2,5,22.3185078425851
1,2,1,17.650674369663
0,2,5,20.5735834568926
0,2,4,20.9358196749274
1,2,3,18.2573371020239
0,2,2,21.9547294060032
0,2,3,22.4486775790599
1,2,3,5.81995007626375
0,2,4,20.1401686129256
0,2,5,28.4260806565087
1,2,3,25.1615443301329
0,2,2,17.7924211272418
0,2,4, 
1,2,1,16.6540672751919
0,2,3,14.0612900123833
0,2,3,16.8891624808235
1,2,4,14.2177227021671
0,2,4,16.4650270696619
0,2,4,20.7980984869564
1,2,3,22.0289876601712
0,2,1,23.8101080570881
0,2,4,23.2401426708996
1,2,4,13.0995680477706
0,2,5,21.9388574104406
0,2,4,21.1776637300492
1,2,4,22.6806307949201
0,2,2,29.2979852379571
0,2,2,17.8940292585031
1,2,4,13.31167572302
0,2,3,22.7825874240667
0,2,5,21.5030804355687
1,2,2,9.57088705844821
0,2,4,20.6039593501341
0,2,5,19.829710309451
1,2,3,25.7167575189729
0,2,2,20.4242703720585
0,2,4,22.165735186161
1,2,4,19.801648209432
0,2,1,17.2040232031998
0,2,3,23.5914665044596
1,2,4,17.4223076630901
0,2,3,21.3111109620104
0,2,3,25.694352478119
1,2,2,14.8412548424583
0,2,2,19.1999171150905
0,2,2,17.8453062251236
1,2,3,20.7112653782699
0,2,3,17.7441430789004
0,2,4,17.531299995281
1,2,4,14.5027994168764
0,2,3,17.5149907569276
0,2,4,22.8298744437226
1,2,3,17.699256738541
0,2,3,21.4070351613245
0,2,4,19.5302265381848
1,2,3, 
0,2,2,19.3884223985206
0,2,5,24.0584437942444
1,2,4,21.3588243459517
0,2,3,17.5476255648176
0,2,3,17.7195933194169
1,2,3,17.9838354099275
0,2,3,19.3875375296331
0,2,4,25.4658374673358
1,2,3,13.0002435725667
0,2,3,22.7214489413538
0,2,4,16.6726441710332
1,2,2,18.5939734162707
0,2,4,17.1869267501281
0,2,4,23.6295094146027
1,2,5,23.0166362599379
0,2,4,27.1701619964087
0,2,2,16.4885090288377
1,2,5,23.2349036799294
0,2,5,20.2119781356517
0,2,3,20.538717525584
1,2,4,19.599292360125
0,2,3,17.0508158778358
0,2,3,22.2427522128174
1,2,4,18.8049492698859
0,2,5,20.6101864718742
0,2,4,13.289799892385
1,2,4,21.8995410584922
0,2,3,19.6213947474833
0,2,4,24.1936103878019
1,2,3,27.6722376468065
0,2,2,19.4519894925676
0,2,4,17.6141984874413
1,2,4,21.2379899275696
0,2,2,13.812359639622
0,2,1,18.9955104760877
1,2,3,22.3014321851495
0,2,3,22.1808860757479
0,2,4,27.0981470819101
1,2,3,18.7417568977917
0,2,4,22.8522336859244
0,2,5,26.9205842095192
1,2,4,17.5904671853281
0,2,2,25.3722536422861
0,2,2,30.7008489371341
1,2,3,11.5651919746258
0,2,4,26.4756444965509
0,2,2,22.1336817440871
1,2,4,20.0946601231634
0,2,4,26.2276017448112
0,2,4,23.961014978548
1,2,3,17.7635153484665
0,2,5,23.4256033719908
0,2,2,27.4939430701916
1,2,4,18.3150286736565
0,2,4,19.2064650622713
0,2,4,22.4138660363448
1,2,2,15.3064506061586
0,2,2,20.1096342309882
0,2,3,21.941029231352
1,2,4,15.7560458733865
0,2,4,23.4586805084885
0,2,3,13.3602448567767
1,2,2,18.1862203039739
0,2,4,22.4156780263601
0,2,4,19.4533179235535
1,2,5,16.5665607715644
0,2,4,19.5029710437517
0,2,2,20.4915243976361
1,2,4,16.0695671899657
0,2,2,21.9163464553648
0,2,4,16.3357234621665
1,2,4,17.777366481202
0,2,3,24.5816954664575
0,2,4,18.8331536730276
1,2,2,14.414888188399
0,2,2,21.010006403957
0,2,4,24.7763008472994
1,2,2,18.8682786533439
0,2,4,16.7054102588759
0,2,3,18.7390187999692
1,2,5,15.7843304657757
0,2,5,13.4121375988817
0,2,2,23.6553584962842
1,2,5,20.8775404535971
0,2,3,22.7697485305315
0,2,2,23.1955315765577
1,2,4,19.6599197351255
0,2,4,24.1169659664191
0,2,2,16.6027568878585
1,2,5,17.0502040812762
0,2,3,21.8430367092379
0,2,4,20.2340302061404
1,2,5,28.096075786766
0,2,4,24.8427913870559
0,2,4,20.300813216398
1,2,4,19.4220726725879
0,2,2,17.4840551351702
0,2,3,15.0098826084307
1,2,4,17.63369144124
0,2,5,23.5367215414404
0,2,4,17.5905968836346
1,2,2,16.0923689268793
0,2,5,25.3930070053285
0,2,2,22.8981267459458
1,2,3,15.4437868280385
0,2,2,16.6827600751842
0,2,3,19.5275208021111
1,2,4,14.6183584417646
0,2,3,16.9241472611165
0,2,3,18.552437524543
1,2,3,17.2359676586378
0,2,5,17.2440376151415
0,2,2,18.0308324629832
1,2,4,18.1299096642212
0,2,3,21.8095752255651
0,2,4,20.5452737914823
1,2,5,27.4454707531347
0,2,2,20.1325825996339
0,2,3,19.6706685237436
1,2,3,19.1942160838928
0,2,5,21.641806313457
0,2,4,22.1094564096273
1,2,4,20.5535848038881
0,2,4,19.3887644266444
0,2,3,23.9078393486361
1,2,5,20.3155544646943
0,2,2,14.8419391038846
0,2,4,21.0014491860587
1,2,4,24.6742055442621
0,2,4,20.0799910463825
0,2,4,23.673225638839
1,2,4,20.8959579475527
0,2,5,25.3517283415196
0,2,2,18.0476825409507
1,2,4,16.7926683734373
0,2,4,21.9258893668311
0,2,2,17.6674336289209
1,2,4, 
0,2,3,21.9709804565082
0,2,3,17.1585546603857
1,2,2,28.9850934339681
0,2,5,20.7337539825267
0,2,2,18.3198614080306
1,2,2,22.3496768079339
0,2,4,22.4235609485565
0,2,3,18.9018465706794
1,2,4, 
0,2,4, 
0,2,2,16.1645785019121
1,2,5,29.5659104549994
0,2,4,20.0311306080137
0,2,4,20.6402713493109
1,2,2,21.9828733286491
0,2,2,17.7668787034817
0,2,3,22.6274067616411
1,2,3,19.0336025402175
0,2,5,26.3409985311105
0,2,4,16.7945650676604
1,2,4,13.626667869295
0,2,4,17.04391449389
0,2,2,22.0236997689402
1,2,5,28.3631652207277
0,2,3,19.2198965519805
0,2,3,20.2904732154761
1,2,2,17.6187389425138
0,2,5,22.0610976128858
0,2,5,19.5837521118586
1,2,3,14.1952359059703
0,2,3,19.9405873033336
0,2,4,24.2819115706423
1,2,4,23.2765495596574
0,2,5,21.1616562413232
0,2,2,20.4144802155265
1,2,5,17.4640901772671
0,2,5,22.7047734291794
0,2,5,24.0724913616829
1,2,4,21.5924061347595
0,2,3,23.1097546245375
0,2,4,25.0517951967296
1,2,4,22.2878051477684
0,2,4,17.2959638362845
0,2,3,25.2839276541711
1,2,4,19.6589264948201
0,2,3,15.4551319408788
0,2,4,17.6945987813112
1,2,3,16.6792279047913
0,2,4,23.1506597643173
0,2,3,13.5558029859489
1,2,3,16.0968031750883
0,2,2,11.7302955239598
0,2,3,18.245579414416
1,2,5,23.3490209630827
0,2,4,24.012709267217
0,2,4,23.7141804923758
1,2,2,19.0950175757866
0,2,4,19.4287599973545
0,2,3,19.8328423191841
1,2,5,19.3189880454474
0,2,3,24.0307047259181
0,2,4,19.5709581341349
1,2,5,16.7160707612177
0,2,5,19.3894200108601
0,2,5,21.1031893464806
1,2,4,24.8310740986995
0,2,3,15.6772674208407
0,2,2,18.9021520557594
1,2,5,21.3579294511747
0,2,3,21.0794978044708
0,2,3,27.6608457268394
1,2,3,15.4688020534512
0,2,2,22.7153213514596
0,2,2,19.883288911238
1,2,3,12.3446093869566
0,2,3,19.8532923619344
0,2,3,19.2470743605319
1,2,4,29.9054979771159
0,2,1,23.9318341775492
0,2,2,17.7786845074984
1,2,4,21.5344414116273
0,2,4,14.024551941467
0,2,3,13.3935858813949
1,2,4,17.9827621555369
0,2,3,17.541062383856
0,2,3,21.1928527352289
1,2,4,7.42376202028865
0,2,2,21.7088796215599
0,2,3,20.4273083786111
1,2,5,31.9105692078011
0,2,3,13.9625180793527
0,2,3,15.0146625870493
1,2,2,25.5326290545807
0,2,4,23.7614866006053
0,2,2,25.13117138222
1,2,3,21.847896089583
0,2,4,16.7229833974225
0,2,4,16.9320525408207
1,2,3,21.7256445909971
0,2,3,15.3553105848985
0,2,3,20.3177785396347
1,2,5,16.7193902557085
0,2,5,18.9908532579084
0,2,3,18.6482280959736
1,2,5,15.7689397566387
0,2,4,21.3911446225175
0,2,4,21.0544084495213
1,2,2,21.3757542818306
0,2,2,19.4541815658318
0,2,3,18.6233869889125
1,2,5,16.809972712454
0,2,5,21.9105559128699
0,2,3,21.8494609539509
1,2,4,16.2511859292172
0,2,3,18.821886973198
0,2,3,22.3968075018385
1,2,4,23.9418583890575
0,2,3,21.9039737803282
0,2,5,22.2877506646868
1,2,3,18.3692221803371
0,2,3,25.5171710923048
0,2,4,21.1101589097408
1,2,4,16.9982808329771
0,2,2,18.7105522315362
0,2,4,17.9810436754708
1,2,2,17.5018919776924
0,2,3,23.0742753496172
0,2,3,22.4230879925175
1,2,4,18.899164227516
0,2,3,17.4610667507423
0,2,3,22.3513131794565
1,2,3,20.882232715721
0,2,2,15.8347622230808
0,2,2,27.4730468950827
1,2,3,20.9770203420846
0,2,4,21.8082085268397
0,2,2,20.2729874788028
1,2,4,21.5826372307765
0,2,3,15.6978320272977
0,2,3,17.992242997649
1,2,4,24.9455705782107
0,2,3,25.1813132814685
0,2,3,19.8681778854314
1,2,1,11.3001992053968
0,2,3,20.7037916279725
0,2,3,17.5768240229669
1,2,3,16.5680227211457
0,2,3,22.9841870852439
0,2,4,28.1215459758353
1,2,5,15.9302966109325
0,2,5,22.6374473323369
0,2,2,25.6888310626874
1,2,5,14.9954017763374
0,2,3,17.7903638306317
0,2,2,19.2611706464089
1,2,3,15.787274942693
0,2,3,21.2120791232571
0,2,4,22.0519305756273
1,2,4,13.8039548760851
0,2,4,13.6339673363057
0,2,3,16.3293184081111
1,2,2, 
0,2,4,19.4009888769176
0,2,4,16.0882907640794
1,2,3,17.7354126052808
0,2,3,19.8838458823633
0,2,3,18.7290738841774
1,2,3,19.6099153834084
0,2,3,22.6183866243027
0,2,1,19.4333941967283
1,2,4,13.0985656065054
0,2,3,19.4843373539814
0,2,5,14.9663897461131
1,2,4,11.0525755705017
0,2,3,12.5234823636079
0,2,5,23.9602423062959
1,2,4,18.7676031696285
0,2,4,23.3281614895495
0,2,3,24.4907909388637
1,2,2,18.1913503355411
0,2,4,22.6779377028022
0,2,5,23.3268581849537
1,2,4,11.7821796481818
0,2,4,23.3465872332008
0,2,3,16.7194126020029
1,2,2, 
0,2,5,22.5682135928231
0,2,2,19.241872761338
1,2,4,11.1149043287456
0,2,3,17.3054610107717
0,2,4,17.6220054591829
1,2,3,17.8576376924783
0,2,4,17.705820869333
0,2,2,20.2613625164939
1,2,4,18.1478120843176
0,2,4,22.059176085674
0,2,3,17.5280419850674
1,2,4,23.0825549336714
0,2,1,16.5854041474242
0,2,3,24.7028311333834
1,2,3,15.8180951132453
0,2,4,24.9705927272237
0,2,2,18.3922662831973
1,2,5,28.3110928187567
0,2,3,18.7951154587459
0,2,2,21.0951491095538
1,2,4,20.1508883140616
0,2,4,23.7194859991408
0,2,3,20.7391537615664
1,2,1,27.5165755807854
0,2,3,13.700324042887
0,2,1, 
1,2,4,14.6975264127883
0,2,4,16.7888516334532
0,2,5,23.7787086735907
1,2,3,13.4814095547963
0,2,3,16.7002440955712
0,2,2,17.1407809257641
1,2,4,22.6729268775792
0,2,4,26.3171101723797
0,2,4,28.4280762944163
1,2,2,21.3228679589801
0,2,3,20.3613035797836
0,2,3,21.6223266273934
1,2,3,17.8564674826324
0,2,4,22.7577986871931
0,2,5,23.4382532060608
1,2,3,20.0050322681428
0,2,3,24.7304158485377
0,2,3,15.7859949884773
1,2,3,16.1516092550421
0,2,1,19.131510994512
0,2,5,23.9457290319025
1,2,5,23.5162796229631
0,2,4,20.7960323717216
0,2,3,17.4151930844224
1,2,5,21.7671132753474
0,2,5,22.8297747088327
0,2,3,27.112525093953
1,2,3,20.0726497910597
0,2,2,19.8600364855636
0,2,3,14.621201664667
1,2,3,18.5717347438342
0,2,4,25.0629786970204
0,2,2,18.7278593903654
1,2,3,7.79957299317379
0,2,3,22.4678673189521
0,2,3,20.2025291876712
1,2,4,13.0127120459554
0,2,1,22.9824837102976
0,2,4,24.6823864766852
1,2,1,12.8452640986169
0,2,4,20.1753725164055
0,2,3,20.901459832278
1,2,5,12.8838913743215
0,2,3,13.2293716065502
0,2,4,19.4618754164553
1,2,4,26.364011200131
0,2,3,24.1227093100981
0,2,3,25.8110074765518
1,2,5,25.7124494465681
0,2,4,17.8428479439034
0,2,4,22.0586891452586
1,2,3,17.43075707545
0,2,2,18.0181318931928
0,2,2,19.8139209313371
1,2,5,20.3603269641332
0,2,5,13.4592775144495
0,2,2,18.222407174556
1,2,5,14.030653647611
0,2,3,22.0997842610113
0,2,3,21.3777338025591
1,2,4,20.3030678210647
0,2,3,18.4830234026991
0,2,3,14.0466707748555
1,2,2,19.4013242807456
0,2,3,20.2378353250314
0,2,1,15.4366492321385
1,2,5,21.9608147325863
0,2,5,24.8217362683694
0,2,2,20.6707840083931
1,2,2,17.8739123887968
0,2,3,24.7184581436116
0,2,4,16.7347018175826
1,2,3,28.7029199012723
0,2,4,26.0936618928912
0,2,3,21.3925632309286
1,2,3,23.139046793785
0,2,4,26.5028956013744
0,2,1,17.9758438529937
1,2,3,23.5694097093382
0,2,4,16.9217604375335
0,2,4,22.4411550143117
1,2,2,14.4857837683903
0,2,2,16.0051754433729
0,2,3,18.6786853512429
1,2,4,25.2261572245165
0,2,5,19.8019436807076
0,2,3,20.3057578616753
1,2,5,23.7687187458723
0,2,5,23.9976572969723
0,2,3,16.2736234496562
1,2,3,16.4748679672814
0,2,5,21.779955388674
0,2,2,16.6243470296223
1,2,4,14.7028560853259
0,2,3,16.7348701528831
0,2,4,20.1735612409777
1,2,2,20.9885853053576
0,2,2,22.168269213668
0,2,3,18.9301286212587
1,2,4,21.9505098748338
0,2,3,18.9508346139789
0,2,3,18.3863797157441
1,2,1, 
0,2,1,15.8687654651232
0,2,4,21.0124165554982
1,2,2,20.6807529621076
0,2,2,21.6242575440802
0,2,5,15.4579749809818
1,2,4,21.9334331581409
0,2,3,15.7384242786636
0,2,4,24.9089630165697
1,2,3,20.1549713745212
0,2,3,20.9379142640784
0,2,4,22.0331338589216
1,2,5,11.5400783476152
0,2,4,24.0272321375011
0,2,4,16.1719048646908
1,2,3,16.3547778337372
0,2,5,18.8943847470021
0,2,3,21.8673634153025
1,2,4,12.7862815873462
0,2,3,23.3799308087937
0,2,4,17.7770395290642
1,2,2,19.1760687648502
0,2,4,23.3440043052364
0,2,1,16.4482843806321
1,2,4,23.8778017037939
0,2,2,21.2777156276097
0,2,4,23.4737462611896
1,2,3,19.3960634974261
0,2,3,25.1647021820151
0,2,3,24.8015916330122
1,2,2,24.9859199356181
0,2,2,18.4023683061797
0,2,3,29.1598267681535
1,2,3,20.7366602922126
0,2,3,16.0300985249655
0,2,3, 
1,2,4,23.0695581476324
0,2,4,25.2242807210956
0,2,5,16.5565223581667
1,2,3,14.251192834038
0,2,5,26.6959019393093
0,2,4,28.7625114634016
1,2,4,14.1546324486567
0,2,3,17.2653346705286
0,2,3,24.2477184502152
1,2,4,19.2849526214775
0,2,5,22.6993705343314
0,2,4,22.3529638779635
1,2,4,17.8756750964575
0,2,3,18.7191211079218
0,2,2,19.4753060245666
1,2,2,19.2240118554765
0,2,3,18.5102690970736
0,2,4,24.7286256035265
1,2,4,27.7927616630404
0,2,5,23.1740244335368
0,2,4,25.078615915643
1,2,3,18.9436505809
0,2,3,21.9039482593421
0,2,3,19.7288208469111
1,2,5,21.5957726557731
0,2,4,19.1378697557465
0,2,3,18.6424609656115
1,2,5,15.9036943192378
0,2,4,24.3808846090436
0,2,4,21.0212274095849
1,2,5,20.8276973978603
0,2,4,27.5119076008295
0,2,5,15.7652582707377
1,2,4,22.4338570802919
0,2,3,23.9750951096408
0,2,2,18.6007794263916
1,2,3,21.4702688394371
0,2,3,24.0999192736504
0,2,4,15.945847727916
1,2,2,5.97809837713664
0,2,3,24.1701387357326
0,2,3,10.9821364853152
1,2,1,21.34710721134
0,2,3,20.9651638886848
0,2,2, 
1,2,5,21.6181942883032
0,2,4,21.1503935227675
0,2,4,22.7297545942885
1,2,3,18.6442087848933
0,2,1,24.4044101569397
0,2,3,18.1231607564753
1,2,4,17.3586444346992
0,2,3,22.1527207071172
0,2,4,25.6921996309369
1,2,3,15.3185814903732
0,2,2,18.7246017385696
0,2,4,20.6475319167394
1,2,3,18.3233036401203
0,2,2, 
0,2,5,21.2485994524916
1,2,3,18.0623151623938
0,2,2,23.7808854061679
0,2,5,20.0191597353827
1,2,2,16.1686459430816
0,2,3, 
0,2,3,28.5155145605497
1,2,2,16.5193675346338
0,2,2,25.442810389721
0,2,4,21.0629295813981
1,2,4,19.2462016207042
0,2,3,23.0980123167344
0,2,3,22.1725829760359
1,2,5,22.8720437717498
0,2,3,14.9169470186767
0,2,5,19.711605514838
1,2,5,22.1216746501649
0,2,4,18.6717250648612
0,2,5,22.1147564305042
1,2,3,13.2814709763637
0,2,2,15.0441906731315
0,2,4,19.5649117021006
1,2,3,21.2709493068783
0,2,5,21.4740649118479
0,2,2,18.9700121537157
1,2,1,16.8572832808948
0,2,3,17.8186947794204
0,2,4,22.1123162913332
1,2,3,11.3402304922816
0,2,3,16.4782625581977
0,2,2,23.4797251114047
1,2,4,19.7922336416939
0,2,3,22.829400671012
0,2,5,23.7039963961499
1,2,1,20.7069516404401
0,2,3,19.9552410707556
0,2,3,17.7608854583065
1,2,5,13.5421854978476
0,2,3,27.4735886557003
0,2,4,23.8465010887678
1,2,3,23.5918314555664
0,2,4,14.6365259971236
0,2,4,14.6422296312722
1,2,3,18.5524454279779
0,2,2,17.9304101388215
0,2,3,16.8142028528611
1,2,3, 
0,2,3,19.4566483090358
0,2,3,26.5313146474833
1,2,3,20.7003092194974
0,2,2,16.800009406342
0,2,5,22.2559097137154
1,2,5,20.6334155563004
0,2,2,15.0950109190674
0,2,2,18.3014577145113
1,2,4,18.489605732997
0,2,2,23.3113449949518
0,2,5,23.8523230393321
1,2,5,10.8801447321942
0,2,3,26.7519294850075
0,2,5,20.9503459470069
1,2,4,16.2464469715403
0,2,3,21.0192836918756
0,2,3,23.4107040138713
1,2,4,22.8520800243686
0,2,3,16.6930328857298
0,2,4,20.1027452513657
1,2,3,22.0269417373883
0,2,4,16.6377065535226
0,2,3,16.9569084489298
1,2,4,16.0767571774344
0,2,4, 
0,2,4,16.3846135048793
1,2,3,20.8660363786389
0,2,2,19.9919800859484
0,2,4,22.7499786487066
1,2,3,17.3896411632212
0,2,4,21.0089010189228
0,2,2,17.7908305573021
1,2,4,21.1769993463343
0,2,4,15.0388788394099
0,2,4,19.1828671334866
1,2,4,10.635418084336
0,2,4,22.8339747474384
0,2,5,21.8829819165298
1,2,4,22.4710954167893
0,2,2,29.4641917830632
0,2,3,19.54356605026
1,2,4,17.0954149026826
0,2,3,16.3422418271524
0,2,3,18.6793017341
1,2,3,16.8632079148307
0,2,2,24.3637104123043
0,2,4,18.6160915609408
1,2,3,19.6847321609478
0,2,3,16.0529114282168
0,2,3,22.7618517249187
1,2,3,19.2683830353691
0,2,4,19.504587951349
0,2,3,23.7015334134484
1,2,1,16.6684599588517
0,2,3,21.7937294494438
0,2,4,25.4511381959955
1,2,4,14.4506703528792
0,2,2,17.8524133093416
0,2,5, 
1,2,4,16.8410744245898
0,2,5,19.8830240578159
0,2,2,17.208702478255
1,2,2,21.4066120505497
0,2,3,16.5431601800838
0,2,2,17.4353600727915
1,2,2,16.249190748384
0,2,5,22.8362865415702
0,2,2,11.2319756071027
1,2,4,10.8372503394533
0,2,3,13.4702627654721
0,2,3,19.6369365176178
1,2,4,17.5861872165401
0,2,5,21.3648100539929
0,2,1,18.3002815021785
1,3,6,20.8176161937566
0,3,3,13.3656103044389
0,3,6,21.4820386042929
1,3,4,20.9550931856487
0,3,3,21.8367638726364
0,3,4,17.5275961011436
1,3,2,12.4531149422477
0,3,3,16.7863757059605
0,3,6,18.3131737067746
1,3,4,17.808033287604
0,3,6,28.0917151275194
0,3,4,19.0906672803426
1,3,5,8.78693094252601
0,3,6,19.9487528659242
0,3,6,25.1926940289339
1,3,5,16.3518184704249
0,3,6,19.6193777939012
0,3,4, 
1,3,5,26.1588075430169
0,3,4,23.1389698431996
0,3,4,20.3146529075053
1,3,6,25.7310946837906
0,3,5,25.0703828642628
0,3,6,22.7477736298536
1,3,4,15.7793260962713
0,3,6,16.2377025805857
0,3,3,18.518609985467
1,3,5,15.5568449489516
0,3,4,18.6889904379369
0,3,4,23.9970029553858
1,3,4,19.9034662368823
0,3,5,19.2452173713669
0,3,5,26.4494017956772
1,3,6,20.7953318848703
0,3,5,22.9989137349512
0,3,5,23.4101888160731
1,3,5,26.8575440552725
0,3,2,21.0712344319111
0,3,4,13.0726227493146
1,3,5,21.6681161220924
0,3,6,21.6881982531881
0,3,6,20.8316695520924
1,3,4, 
0,3,5,21.9024079345729
0,3,4,20.4773738218465
1,3,3,16.918546929567
0,3,6,22.5079231019018
0,3,6,26.61640939462
1,3,5,27.2181268913759
0,3,6, 
0,3,3,20.0797091546781
1,3,5,28.3310204501729
0,3,5,27.0308547935992
0,3,5,16.5530791864236
1,3,3,22.9776760646954
0,3,5,26.6473727809623
0,3,5,26.4980464285874
1,3,5,18.84971431106
0,3,4,17.6713249866722
0,3,4,24.0142477919668
1,3,5,28.0664527411478
0,3,4,21.5914566654823
0,3,6,20.1150614949748
1,3,6,16.9143435386204
0,3,3,16.418115430292
0,3,5, 
1,3,4,18.3412524424606
0,3,4,19.488042101158
0,3,3,22.5607944533606
1,3,4,15.2592632217901
0,3,4,22.104088751362
0,3,6, 
1,3,6,19.9589819448556
0,3,5,27.0622076313138
0,3,5,19.1808011773631
1,3,5,13.0948039249458
0,3,6,23.3182736585525
0,3,6,28.5854885328631
1,3,5,25.7757913105491
0,3,6,22.800411072086
0,3,6,21.7426140998181
1,3,5,26.2192924024307
0,3,5,22.4346825536808
0,3,4,17.3887008903883
1,3,6,25.6942574826647
0,3,5,23.7772561387659
0,3,4,18.832619077032
1,3,5,22.8495712620026
0,3,4,20.8406392728673
0,3,3,13.5884713970785
1,3,4,24.5342287016565
0,3,5,22.9460019931598
0,3,4,17.4287333134024
1,3,4,20.5933171372998
0,3,5,25.4594500936727
0,3,2,19.2434598078627
1,3,5,14.8141956312569
0,3,6,22.7701800104408
0,3,4,22.1850514256823
1,3,5,24.1907013152963
0,3,3,16.4478022580319
0,3,4,27.5011960522361
1,3,5,16.1842577387103
0,3,6,23.4653383411364
0,3,4,23.7859558334784
1,3,6,24.5416073045193
0,3,3,25.3744327449118
0,3,5,25.2850800996907
1,3,4, 
0,3,6,18.0270957023116
0,3,5,19.1447034779069
1,3,6,18.0904336109165
0,3,6,17.5395288998352
0,3,4,23.957102424828
1,3,5,19.1347517727536
0,3,6,17.4402008134748
0,3,5,27.0887588486136
1,3,4,23.7227660010411
0,3,5,21.2926140091567
0,3,6,25.2604093718569
1,3,5,24.3682091451227
0,3,4,20.4026210414768
0,3,5,23.1216163904256
1,3,5,18.2280830999745
0,3,5,17.8963507704794
0,3,6,19.04738961098
1,3,5,19.0139610423822
0,3,5,20.3766773268548
0,3,5,27.1877439329204
1,3,6,14.6635833798531
0,3,4,21.2565543858878
0,3,5,26.9093761246196
1,3,5,21.2058338191586
0,3,6,22.7909636623978
0,3,5,18.5075338797338
1,3,5,20.2296592422942
0,3,6, 
0,3,4,19.0622079099516
1,3,6,18.8292555092086
0,3,6,24.7450584854065
0,3,3,18.4682894404396
1,3,5,25.486228234298
0,3,6,22.2498930950543
0,3,4,16.2490990257368
1,3,6,24.1751056696725
0,3,6,25.4083357450166
0,3,2,23.0558875976912
1,3,4,23.2131051095352
0,3,6,20.6698174997241
0,3,4,15.4668705924058
1,3,4,17.149375891649
0,3,4,21.2723142073277
0,3,4,19.797093689001
1,3,5,20.9519744387358
0,3,6,22.8599062840229
0,3,6,23.8912916643061
1,3,5,13.3193534161096
0,3,3,20.9033098151426
0,3,5,21.174861991135
1,3,6,23.3154238122559
0,3,4,22.5179059268706
0,3,5,15.3981332882382
1,3,6,18.3970400421069
0,3,3,21.0589474053039
0,3,3,19.3433015115732
1,3,3,8.99721871853696
0,3,5,22.5189571884553
0,3,4,17.4674921371245
1,3,4,25.0385885164136
0,3,6,17.0058356711922
0,3,6,25.5045819170916
1,3,5,20.261879017846
0,3,5,28.6056915557407
0,3,5,21.653872758596
1,3,5,14.2428777177695
0,3,6,19.4249685174407
0,3,3,15.830683579907
1,3,6,23.3090115087585
0,3,6,20.9955032579919
0,3,4,20.8016541649291
1,3,5,10.9307334038932
0,3,6,22.275665222698
0,3,6,22.9584427093934
1,3,4,15.3747663789796
0,3,4,22.0949750030465
0,3,5,16.4510936508193
1,3,4,21.6161250911828
0,3,5,20.709614618122
0,3,3,21.4441866909619
1,3,4,22.3416773044462
0,3,6,26.9779601009505
0,3,3,17.0607924572723
1,3,5,23.6312967251811
0,3,5,24.2868965525673
0,3,2,14.4793740070191
1,3,5,20.0859192660617
0,3,4,23.4537124067821
0,3,5,20.8568266588799
1,3,3,17.5675602964364
0,3,6,19.0330923462132
0,3,3,13.9132085913338
1,3,5,25.6401927275107
0,3,5,17.9404616512452
0,3,6,20.7100425562655
1,3,6,17.1997404521832
0,3,5,20.3794260391451
0,3,6,26.2755360986292
1,3,3,22.2927709118724
0,3,4,17.0727772155677
0,3,5,17.5915534289407
1,3,5,25.3207978888538
0,3,6,30.7630343128159
0,3,6,17.3132896453033
1,3,5,18.4260528053885
0,3,4,18.2062954896291
0,3,4,22.3805765817404
1,3,3,20.5487293707841
0,3,4, 
0,3,4,16.6599142186886
1,3,4,11.9690823271926
0,3,5,20.089599716407
0,3,5,21.7887517413341
1,3,6,20.312688950004
0,3,4, 
0,3,4,17.9803831078876
1,3,4,19.088104513694
0,3,3,13.8583842047578
0,3,5,13.0385417193065
1,3,6,20.0882424897322
0,3,5,15.7986335110992
0,3,6,20.6719057288933
1,3,6,22.7005307198832
0,3,6,28.1392233619591
0,3,4,21.939908164219
1,3,4,21.6711134692906
0,3,5,23.103091727432
0,3,5,19.5298992758045
1,3,3,17.9349031240723
0,3,5,19.3444139736067
0,3,3, 
1,3,5,23.1371702312001
0,3,4,18.5051648165092
0,3,3,20.704134596606
1,3,5,18.5322032861886
0,3,4,18.0864030009796
0,3,6,21.1459471233076
1,3,5,19.2370032640777
0,3,4,25.4655768646473
0,3,3,23.0231420298454
1,3,3,24.2933868446707
0,3,6,21.7107425735813
0,3,4,22.5863584179569
1,3,4,22.1432866054739
0,3,6,17.5532546986805
0,3,4,13.7208059800948
1,3,3,20.452999407267
0,3,5,16.474827759586
0,3,5,27.8259106870636
1,3,6,17.3166884061542
0,3,5,22.441115679697
0,3,5,16.5280612699705
1,3,5,27.735906603937
0,3,6,21.9001409586648
0,3,5,20.0159682005629
1,3,4,19.6474352975487
0,3,6,21.8020879007716
0,3,5,21.9807245675301
1,3,5,11.9333218844543
0,3,6,27.0022107544765
0,3,5,18.9543044671232
1,3,3,21.7175621176687
0,3,5,15.979461335412
0,3,6,20.162598108751
1,3,4,19.7652968129921
0,3,4,15.7117601752669
0,3,3,20.6851691861819
1,3,5,17.0658351954155
0,3,4,17.9308127777685
0,3,3,24.9459296710597
1,3,3,17.6269341564977
0,3,3,16.7951459418027
0,3,5,24.853096371666
1,3,6,28.2241232166687
0,3,5,25.383914916431
0,3,5,19.5966219544509
1,3,4,15.1122385028935
0,3,6,18.6855934948468
0,3,5,18.3004147438439
1,3,6,14.3511442020618
0,3,5,17.7862581363366
0,3,2,18.6913152954416
1,3,4,26.9856514208396
0,3,5,21.930224916222
0,3,5,27.4254345560135
1,3,6,17.0799068015276
0,3,4,24.73029724574
0,3,5,27.480121741768
1,3,5,21.4160332550529
0,3,6,20.3476299540673
0,3,3,23.065337611644
1,3,5,21.6508233483281
0,3,5,19.1449092791391
0,3,2,19.9509081597491
1,3,6,25.9256869088087
0,3,4,25.8491393194325
0,3,5,21.8614788572321
1,3,6,18.0260292749975
0,3,4,21.9754474644987
0,3,5,25.5683185371527
1,3,3,16.8594121620738
0,3,4,19.6210471703981
0,3,5,15.6641869144786
1,3,4,18.2244345740198
0,3,6,22.558050835879
0,3,5,23.0080997586994
1,3,5, 
0,3,5,26.572477465885
0,3,3,17.2711082498011
1,3,4,10.4574284359511
0,3,6,20.4587419984802
0,3,4,24.6034338528545
1,3,5,18.8167662696076
0,3,6,16.7885806204503
0,3,5,15.2495684820894
1,3,4,25.1192180499794
0,3,4,17.859090435855
0,3,4,24.2790751858655
1,3,3,13.6475339511111
0,3,5,23.1607325079536
0,3,5,25.7938713792415
1,3,6,21.8423815546967
0,3,4,21.2402314694098
0,3,3,26.5730452545364
1,3,5,18.1016175617805
0,3,5,18.495827709647
0,3,5,30.4600790749321
1,3,4,21.0089308480305
0,3,4,22.8171361204946
0,3,4,18.9782134445629
1,3,5,15.7245997613443
0,3,6,14.3742704239092
0,3,5,17.7909817646178
1,3,5,13.3406329194382
0,3,5,23.9930779309266
0,3,6,27.0774155880736
1,3,4,20.3093087930356
0,3,4,23.1211212821707
0,3,5,20.8503565274338
1,3,4,15.7486144838064
0,3,6,21.8626229652883
0,3,5,26.8942721925232
1,3,5,17.7547313142159
0,3,4,18.0763032238439
0,3,6,21.2758834470912
1,3,4,30.6971142145949
0,3,5,20.0893955485179
0,3,3,14.1654343347844
1,3,4, 
0,3,6,23.7130653994016
0,3,5,17.501097662367
1,3,4,17.4243054701124
0,3,4,29.7095559740522
0,3,5,19.618612673613
1,3,4,18.3568500883102
0,3,4,18.8644559968116
0,3,6,25.3396097710428
1,3,5,23.2160162348233
0,3,4,24.1115535953861
0,3,5,24.3049266188497
1,3,6,20.6106072590232
0,3,5,23.8174347459885
0,3,4,20.8935634090851
1,3,5,21.6772183205536
0,3,5,19.407215199608
0,3,5,23.9464476184099
1,3,5,12.6633035324578
0,3,5,21.0329561717297
0,3,4,18.5147733657038
1,3,4,20.0599104880636
0,3,4,21.9285867485192
0,3,5,28.9588040032166
1,3,6,26.9073275652635
0,3,5,24.7107509277536
0,3,5,21.1382135487981
1,3,4,23.1301590522956
0,3,6, 
0,3,5, 
1,3,6,18.6149951590155
0,3,5,29.951045243929
0,3,6,20.8564899361128
1,3,4,17.1564979641192
0,3,5,16.9697662478646
0,3,5,13.4945376327628
1,3,4,16.7773638747656
0,3,5,16.1473649240119
0,3,4,20.8214923292764
1,3,3,15.7424688570667
0,3,4,23.5087560696709
0,3,6,19.3163611037308
1,3,4,18.0214445204232
0,3,4,23.7421556962397
0,3,5,17.0586025547423
1,3,6,21.8282115469867
0,3,6,20.3013073225594
0,3,5,20.305095248281
1,3,3,13.9223844939914
0,3,5,24.1080007689887
0,3,5,21.9336545284223
1,3,3,23.9347289287992
0,3,3,21.2783174312086
0,3,4,26.5362116330481
1,3,4,18.8908541462709
0,3,4,15.7887661779812
0,3,5,22.5347958187004
1,3,5,28.6694039517393
0,3,4,21.5767065563376
0,3,4,17.7316637437636
1,3,4,16.8341482272796
0,3,4,19.9354144734004
0,3,6,22.7323468828036
1,3,4,14.5246003372391
0,3,6,22.1632033455597
0,3,6,24.0553309672698
1,3,3,22.263573817114
0,3,6,23.0687898526944
0,3,5,26.5824196254103
1,3,6,27.1539268775083
0,3,5,23.7274994033641
0,3,4,19.2797186809746
1,3,5,14.5769903853138
0,3,5,24.2402821651459
0,3,6,20.9402423604691
1,3,3,20.8662612467516
0,3,5,21.2693396354341
0,3,6,21.5742229594231
1,3,5,14.5851142371096
0,3,4,22.7702042520057
0,3,5,25.5013486111927
1,3,5,25.7495689721601
0,3,4,20.7384712470592
0,3,5,23.7521106173822
1,3,4,23.4548690008198
0,3,6,20.3823825954704
0,3,3,19.8969401565077
1,3,5,16.8458062218747
0,3,5,18.6238156592654
0,3,5,27.0895277448838
1,3,3,20.0012854989131
0,3,3,22.6894651404
0,3,4,13.807278431153
1,3,5,22.4201414164491
0,3,3,22.5365068454467
0,3,5,20.5977058085222
1,3,4,24.391543658496
0,3,5,27.9717808854126
0,3,3, 
1,3,6,14.673965239866
0,3,3,18.7425050863806
0,3,5,17.6707183029139
1,3,4,17.1164663750789
0,3,6,18.0148664540931
0,3,5,22.0904676917678
1,3,6,22.5646526659637
0,3,6,19.7502443065873
0,3,3,19.8587434325051
1,3,5,21.2465041798715
0,3,5, 
0,3,5,25.6071475946287
1,3,5,26.5501959870024
0,3,6,23.573188191018
0,3,2,21.0573985865736
1,3,6,18.7978017301123
0,3,4,24.2098653339947
0,3,6,20.8666979222297
1,3,4,19.6085632280304
0,3,6,24.9784857756004
0,3,6,23.63648503457
1,3,5,18.6272952723605
0,3,3,14.8686016114298
0,3,6,22.2132284213701
1,3,4,20.4651816579913
0,3,6,24.0859907570851
0,3,2,16.9666981115399
1,3,4,12.4314614056898
0,3,5,20.6029001458715
0,3,5,20.2013877607005
1,3,4,17.7847604856873
0,3,4,22.6702612119635
0,3,5,16.5110691932362
1,3,6,20.3504748904072
0,3,3,20.7754761654064
0,3,3,21.3877238570763
1,3,5,17.6715039326645
0,3,6,24.2002382077701
0,3,5,24.191896621287
1,3,6,17.7112706609983
0,3,6,20.4434910655036
0,3,6,16.5896149292098
1,3,6,17.2963790414404
0,3,5,17.254901405016
0,3,6,26.2036223481957
1,3,5,23.4235589101115
0,3,4,17.8330682175557
0,3,5,23.8709363288113
1,3,4,14.9461271540331
0,3,4,25.1205519155926
0,3,5,20.4408362693183
1,3,6,23.1949651481461
0,3,5,16.0998893564345
0,3,2,12.6348690303294
1,3,3,13.0967438423914
0,3,5,17.9713016192226
0,3,3,24.1454592451775
1,3,6,22.2231013864531
0,3,5,26.0095171786819
0,3,5,25.4296183067315
1,3,5,10.5178838203648
0,3,5,15.7635970763303
0,3,4,25.5332372864081
1,3,5, 
0,3,5,22.3127584414093
0,3,5,16.9355930349306
1,3,3,14.6204847499447
0,3,4,20.2978054837203
0,3,5,23.124685237966
1,3,6,26.4568607510351
0,3,4,16.73211165928
0,3,5,21.0524093392407
1,3,5,23.5722834897905
0,3,5,20.7956169215737
0,3,5,24.4491299905524
1,3,4,11.8750916760557
0,3,5,24.4671331066734
0,3,5,29.2396059010907
1,3,3,20.6881404608954
0,3,5,27.5214922811269
0,3,4,13.6982070447913
1,3,5,20.100885289186
0,3,6,18.3533919225677
0,3,5,17.9985086237821
1,3,5,16.8804667009612
0,3,5,23.774771619724
0,3,3,19.2545685136474
1,3,5,13.7631235202272
0,3,4,17.3289936245777
0,3,4,22.953066405165
1,3,3,23.1465553800076
0,3,6, 
0,3,6,25.8528586481154
1,3,6,23.8084351078508
0,3,4,20.7319724300247
0,3,6,27.2267185643492
1,3,5,17.0525466264197
0,3,4,20.7493079554299
0,3,5,22.1397627525305
1,3,3,6.56068910983586
0,3,5,21.2176055595478
0,3,5,26.71565346477
1,3,2,21.3085012962728
0,3,6,16.7151116222459
0,3,5,16.6961641264301
1,3,5,16.3283511244724
0,3,6,26.5114822103182
0,3,4,23.8979298747189
1,3,6,29.2495554961196
0,3,3,20.807511791584
0,3,5, 
1,3,6,27.1370156457046
0,3,6,19.3327684436309
0,3,6,19.4943388452723
1,3,4,23.1480621343315
0,3,6,22.4445839329182
0,3,4,18.4751882745347
1,3,6,24.6698477674415
0,3,4,12.790533777068
0,3,3,24.579684736624
1,3,5,15.1676348156605
0,3,6,22.9265663341693
0,3,4,23.0127428416243
1,3,5,12.6754461516924
0,3,3, 
0,3,5,22.6543952243452
1,3,6,19.9074221157805
0,3,4,20.0832965421282
0,3,5,25.3164619292455
1,3,5, 
0,3,6,19.0098445653583
0,3,6,26.5440890449594
1,3,4,23.6265184007904
0,3,4,22.3045682454159
0,3,4,19.7875776278601
1,3,4,22.4817148541543
0,3,5,21.3859204188392
0,3,6,24.1832257142468
1,3,3,16.5851400219785
0,3,3,16.3484100629544
0,3,4,20.1394725711717
1,3,2,19.3606643197288
0,3,4,20.0310834118112
0,3,4,23.0243855154976
1,3,4,13.0222260442601
0,3,4, 
0,3,6,20.702527952941
1,3,3,18.7273756724142
0,3,3,20.9918193513139
0,3,4,22.7962756747663
1,3,6,22.2725310422468
0,3,5,23.7274256987561
0,3,4,15.7630728741512
1,3,5,16.4413701548923
0,3,3,25.6194717786677
0,3,4,17.5966479270683
1,3,5,23.9478023300593
0,3,4,23.3345104139334
0,3,5,19.9739540219337
1,3,4,8.49447209798443
0,3,4,24.3677816419658
0,3,5,18.1789228039516
1,3,6,28.0899426031697
0,3,5,19.6333060240845
0,3,5,16.1819276892782
1,3,6,12.7368319583475
0,3,6,19.3927708330011
0,3,5,22.3079866805483
1,3,5,26.7469228347041
0,3,4,18.8702947901027
0,3,6,21.4638691934263
1,3,4,7.1533973828377
0,3,4,14.6957076503257
0,3,5,25.3022943110883
1,3,4,20.9107853346819
0,3,4,15.2591387486809
0,3,5,23.0541154237861
1,3,3,23.4259500055592
0,3,3,24.809754997426
0,3,4,21.2071912351341
1,3,4,19.8143973711279
0,3,6,23.5021672434903
0,3,4,19.4115874538281
1,3,4,15.3035737205151
0,3,4,19.9967214967057
0,3,5,19.4894899588672
1,3,6,13.5870684304569
0,3,4,20.5077530339402
0,3,4,17.7284448328248
1,3,4,9.18390068096449
0,3,3,18.5789534384199
0,3,6,20.9011538056062
1,3,6,21.9813784814929
0,3,5,14.6576396297801
0,3,6,24.0786788924744
1,3,6,25.0774463168518
0,3,4,16.6571256936599
0,3,4,15.0491390080444
1,3,4,16.6737913837645
0,3,6,20.766220370654
0,3,6,20.961004092147
1,3,4,13.1907749193454
0,3,3,23.1313467235181
0,3,3,20.746767403939
1,3,6,23.2875230973057
0,3,4,23.1232113488509
0,3,5,16.7463400185082
1,3,5,19.5527825723254
0,3,5,25.722099424531
0,3,6,21.5554566626089
1,3,6,18.564114380635
0,3,3,23.2991502698524
0,3,5,18.0630501768697
1,3,4,23.9666578956137
0,3,6,21.0572230066849
0,3,6,24.4753620956897
1,3,5,10.3555825955947
0,3,6,19.7006911265709
0,3,4,22.5650841239176
1,3,4,11.8630952130753
0,3,6,21.4175459505386
0,3,5,20.3950951079584
1,3,4,13.6638885392514
0,3,4,16.0305675173525
0,3,4,20.6676162741408
1,3,4, 
0,3,6,23.8504304217464
0,3,4,24.0737970318313
1,3,5,16.0952824712093
0,3,5,20.1923281168755
0,3,6,22.8851714233926
1,3,6,23.8149030516507
0,3,6,22.4751749691968
0,3,6,29.9375090183407
1,3,3,27.0882841749415
0,3,5,22.3183198215812
0,3,5,25.5441095338761
1,3,5,27.2688102793804
0,3,5,30.0305563866421
0,3,4,20.7949605525877
1,3,5,18.461178098432
0,3,5,22.2858816273683
0,3,5,18.7049446283313
1,3,5,18.0561345033241
0,3,4,19.8989449842182
0,3,6,22.2762721988237
1,3,5,21.0423001953212
0,3,4,21.3913233891262
0,3,6,26.4465151691018
1,3,4,12.0416367277139
0,3,3,12.798536850943
0,3,5,22.7264939497622
1,3,4,24.5795810932443
0,3,3,24.7753600581645
0,3,4,26.5259979302303
1,3,4,20.7014991106004
0,3,4,26.5519399105492
0,3,4,26.5869506201641
1,3,5,18.1172456899467
0,3,6,21.9863906103901
0,3,6,21.1554007090744
1,3,5,16.3377088316026
0,3,3,14.6586349459913
0,3,6,19.7722856593859
1,3,6,23.5675229155044
0,3,5,21.8248455616004
0,3,4,15.0578504435345
1,3,6,14.7208226172308
0,3,3,16.29409813778
0,3,6,17.3978764017382
1,3,6,10.6602412509486
0,3,6,29.6079332470347
0,3,6,19.2925386912281
1,3,4,27.1687317226331
0,3,4,25.6452025484293
0,3,4,26.8457901782127
1,3,3,14.5324091906896
0,3,6,20.2920883256971
0,3,6,26.9529033925985
1,3,5,19.9101503514517
0,3,4,20.0601832058281
0,3,6,20.8845707792375
1,3,4,17.161827371881
0,3,6,25.5945727933819
0,3,4,25.5506748574764
1,3,4,17.9426233395334
0,3,3,12.5735520039216
0,3,6,27.0170464099667
1,3,4,22.8620205765239
0,3,5,26.9858108655804
0,3,3,14.4896100673448
1,3,6,20.6769590045705
0,3,6,26.2658098455225
0,3,4,19.474579066386
1,3,2,21.4346547961596
0,3,5,28.1230513244271
0,3,5,19.9585328129377
1,3,5,23.2556012794385
0,3,4,27.1610278489261
0,3,5, 
1,3,3,18.6071394819068
0,3,3,24.8036752860258
0,3,5,25.8989312749192
1,3,4,17.9437203057673
0,3,3,28.1722408791852
0,3,3,13.0686591348765
1,3,4,23.9390047086782
0,3,6,24.9912035975774
0,3,5,19.3686693229941
1,3,4,12.6454336322835
0,3,5,24.1232966189008
0,3,6,20.4281061983919
1,3,1,19.8638860804954
0,3,3,18.5754065317673
0,3,5,22.4847193563844
1,3,6,17.7913348981823
0,3,6,21.5158870881993
0,3,5,25.5765109778689
1,3,5,24.2759601893483
0,3,4,18.2502077150388
0,3,4,19.8029225801495
1,3,4,17.513522080776
0,3,6,21.3703194666619
0,3,3,22.4616470555821
1,3,3,21.558462826924
0,3,6,20.6657655837979
0,3,5,24.9844630956803
1,3,5,18.5285612285517
0,3,5,21.5323475170069
0,3,4,22.3773062204935
1,3,6,19.0978856261792
0,3,4,25.8260209810192
0,3,6,19.251126093284
1,3,4,18.465801467055
0,3,5,22.7049167726594
0,3,5,19.5471187955673
1,3,4,26.9015289646193
0,3,6,18.0126516408326
0,3,6,17.4831846874931
1,3,4,28.7276184433562
0,3,5,21.6818635604914
0,3,5,21.8086494333815
1,3,4,21.6623552146233
0,3,5,18.6886853101507
0,3,5,19.8081801085845
1,3,3,18.6484077395246
0,3,5,24.5755139972344
0,3,4,18.8549601482917
1,3,4,17.53823043101
0,3,6,22.6743208885174
0,3,5,18.5689829018059
1,3,4,13.7976183345324
0,3,6,20.6390726739831
0,3,4,23.6493632281759
1,3,3,14.9421044998407
0,3,5,24.0311048127665
0,3,3,15.339352738228
1,3,5,20.2762258958056
0,3,5,23.7367041084742
0,3,5,24.8879841722117
1,3,6,15.3527053524304
0,3,5,25.7401049906666
0,3,5,26.462843392821
1,3,3,26.9916971320859
0,3,6,18.595962465585
0,3,5,18.8764785261664
1,3,6,15.9019023050242
0,3,5,18.9505743197902
0,3,5,22.528823193358
1,3,4,22.1936697376954
0,3,3,23.0151500819963
0,3,4,18.3772620049005
1,3,3,10.9342021369398
0,3,5,15.2133311317971
0,3,4,21.2929394771688
1,3,5,26.9360495571875
0,3,6,24.2738768694903
0,3,4,21.012893485383
1,3,5, 
0,3,3, 
0,3,5,20.0251756619395
1,3,1,15.6775066096747
0,3,6,23.5871860435754
0,3,3,16.5346536446922
1,3,4,24.417193551556
0,3,6,16.2605085421287
0,3,5,21.9737846968132
1,3,5,21.588484396215
0,3,4,21.030850485082
0,3,5,21.220354527048
1,3,4,15.7705617517601
0,3,5,20.0597266875522
0,3,5,23.3314868927883
1,3,5,25.9101941659717
0,3,4,22.1911143953156
0,3,4,18.5157235630595
1,3,4,25.3407602173476
0,3,6,24.2154824032063
0,3,5,25.5401356100835
1,3,5,21.8456839236427
0,3,4,18.7045811062808
0,3,5,13.5260480880878
1,3,6,20.8836545605692
0,3,4,20.9503859995518
0,3,5,21.1943052054614
1,3,4,21.9529630962713
0,3,3,19.3216171973706
0,3,3,22.4483963554146
1,3,6,9.502727140938
0,3,6,18.2679158108081
0,3,3,25.2983005807626
1,3,5, 
0,3,5,19.2755318111978
0,3,5,28.4317621560632
1,3,5,18.5888516763176
0,3,5,21.5393282276817
0,3,5,18.2776369574696
1,3,6,22.7946859766981
0,3,4,21.1502920944695
0,3,6,27.2633488346201
1,3,5,21.5862107662245
0,3,4,24.3648518327578
0,3,5,24.2144385937495
1,3,4,17.1429998250597
0,3,2,22.8021224283571
0,3,6,21.4376074861931
1,3,4,18.0296162966429
0,3,4,20.4198852740072
0,3,4,20.4414824085212
1,3,4,18.4502340056492
0,3,4,19.1444598024073
0,3,3,13.638465988071
